genome_id,blaCTX-M-15,blaSHV-12,gyrA_S83L,gyrA_D87N,parC_S80I,aac(3)-IIa,aac(6')-Ib-cr,blaKPC-2,blaNDM-1,blaTEM-1,sul1,sul2,tet(A),tet(B),dfrA17,qnrS1,mph(A),catA1,aadA1,ftsI,gyrA,mrdA,parC,rpsL
GEN-0001,0,0,0,0,1,0,0,0,0,0,0,0,0,0,0,1,0,1,0,1,1,1,1,1
GEN-0002,1,0,0,0,1,0,0,0,0,0,0,0,0,0,0,1,0,1,1,1,1,1,1,1
GEN-0003,1,0,0,0,1,0,0,0,0,0,0,0,0,0,0,1,0,1,0,1,1,1,1,1
GEN-0004,0,0,0,0,1,0,0,0,0,0,0,0,0,0,0,1,0,1,0,1,1,1,1,1
GEN-0005,0,0,0,0,1,0,0,0,0,0,0,0,0,0,0,1,0,1,0,0,1,1,1,1
GEN-0006,0,0,0,0,0,0,0,0,0,0,0,0,0,0,0,1,0,1,0,1,1,1,1,1
GEN-0007,0,0,0,0,1,0,0,0,0,0,0,0,0,0,0,1,0,1,0,0,1,1,1,1
GEN-0008,0,0,0,0,1,0,0,0,0,0,0,0,0,0,0,1,0,1,0,1,1,1,1,1
GEN-0009,1,1,0,0,0,0,0,0,0,0,0,0,1,0,0,0,0,0,1,1,1,1,1,1
GEN-0010,1,1,0,0,0,0,0,0,0,0,0,0,1,0,0,0,0,0,1,1,1,1,1,1
GEN-0011,1,1,0,0,0,0,0,0,0,0,0,0,1,0,0,0,0,0,1,1,1,1,1,1
GEN-0012,1,1,0,0,0,0,0,0,0,0,0,0,1,0,0,0,0,0,1,1,1,1,1,1
GEN-0013,1,1,0,0,0,0,0,0,0,0,0,0,1,0,0,0,0,0,1,1,1,1,1,1
GEN-0014,1,1,0,0,0,0,0,0,0,0,0,0,1,0,0,0,1,0,1,1,1,1,1,1
GEN-0015,1,1,0,0,0,0,0,0,0,0,0,0,1,0,0,0,0,0,1,1,1,1,1,1
GEN-0016,1,1,0,0,0,0,0,0,0,0,0,0,1,0,0,0,0,0,1,1,1,1,1,1
GEN-0017,1,1,0,0,0,0,0,0,0,0,0,0,1,0,0,0,0,0,1,1,1,1,1,1
GEN-0018,1,1,0,0,0,0,0,0,0,0,0,0,1,0,0,0,0,0,1,1,1,1,1,1
GEN-0019,1,0,1,1,0,1,0,0,0,1,0,0,0,0,0,0,0,0,1,1,1,1,1,1
GEN-0020,1,0,0,0,0,0,0,0,0,0,0,0,0,0,0,0,0,0,1,1,0,1,1,1
GEN-0021,1,0,1,1,0,0,0,0,0,0,0,0,0,0,1,0,0,0,1,1,1,1,1,1
GEN-0022,1,0,1,1,0,0,0,0,0,0,0,0,0,0,0,0,0,0,1,1,1,1,1,1
GEN-0023,0,0,1,1,0,0,0,0,0,0,0,0,0,0,0,0,0,0,1,1,1,1,1,1
GEN-0024,1,0,1,1,0,0,0,0,1,0,0,0,0,0,0,0,0,0,1,1,1,1,1,1
GEN-0025,1,0,1,1,0,0,0,0,0,0,0,0,0,0,0,0,0,0,1,1,1,1,1,1
GEN-0026,1,0,1,1,0,0,0,0,0,0,0,0,0,0,0,0,0,0,1,1,1,1,1,1
GEN-0027,0,0,0,1,0,1,0,0,0,1,1,1,1,1,1,0,0,0,1,0,1,1,1,1
GEN-0028,0,0,0,1,0,1,0,0,0,1,1,1,1,1,1,0,0,0,1,0,1,1,1,1
GEN-0029,0,0,0,1,0,1,0,0,0,1,1,1,1,1,1,0,0,0,1,0,1,1,1,1
GEN-0030,0,0,0,1,0,1,0,0,0,1,1,1,1,1,1,0,0,0,1,0,1,1,1,1
GEN-0031,0,1,0,0,0,1,0,0,0,1,1,1,1,0,1,0,0,0,1,0,0,1,0,1
GEN-0032,0,0,0,1,0,1,0,0,0,1,1,1,1,1,1,0,0,0,0,0,1,1,1,1
GEN-0033,0,0,0,1,0,1,0,0,0,1,1,0,1,1,1,0,0,0,1,0,1,1,1,1
GEN-0034,0,0,0,1,0,1,0,0,0,1,1,1,1,1,1,0,0,1,1,0,1,1,1,1
GEN-0035,0,0,0,1,1,1,0,0,0,1,1,1,1,1,1,0,0,0,1,0,1,1,1,1
GEN-0036,0,0,0,0,0,0,0,0,0,0,0,0,0,1,0,1,0,0,0,1,1,1,1,1
GEN-0037,0,0,0,0,0,0,0,1,0,0,0,0,0,1,0,1,0,0,0,1,1,1,1,1
GEN-0038,0,0,0,0,1,0,0,0,0,0,0,0,0,1,0,1,0,0,0,1,1,1,1,1
GEN-0039,0,0,0,0,1,0,0,0,0,0,0,0,0,1,0,1,1,0,0,1,1,1,1,1
GEN-0040,0,0,0,0,1,0,0,0,0,0,0,0,0,1,0,1,0,0,0,1,1,1,1,1
GEN-0041,0,0,0,0,1,0,0,1,0,0,0,0,0,1,0,1,0,0,0,1,1,1,1,1
GEN-0042,0,0,0,0,0,0,0,0,0,0,0,1,1,0,1,0,0,0,1,1,1,1,1,1
GEN-0043,0,0,0,0,0,0,0,1,0,0,0,1,1,0,1,0,0,0,1,1,1,1,1,1
GEN-0044,0,0,0,0,0,0,0,0,0,0,0,0,1,0,1,0,0,0,1,1,1,1,1,1
GEN-0045,0,0,0,0,0,0,0,0,0,0,0,1,1,0,1,0,0,1,1,1,1,1,1,1
GEN-0046,0,0,0,0,0,0,0,0,0,0,0,1,1,0,1,0,0,0,1,1,1,1,1,1
GEN-0047,0,0,0,0,0,0,0,0,0,0,0,1,1,0,1,0,0,0,1,1,1,1,1,1
GEN-0048,0,0,0,0,0,0,0,0,0,0,0,1,1,0,1,0,0,0,1,1,1,1,1,1
GEN-0049,1,0,0,0,0,0,0,0,0,0,0,1,1,0,1,0,0,0,1,1,1,1,1,1
GEN-0050,0,0,0,0,0,0,0,0,0,0,0,1,1,0,1,0,0,0,1,0,1,1,1,1
GEN-0051,0,0,0,0,0,0,0,0,0,0,0,1,1,0,1,0,0,0,1,1,1,1,1,1
GEN-0052,0,0,0,0,0,0,0,0,0,0,0,1,1,0,1,0,0,0,1,1,1,1,1,1
GEN-0053,0,0,0,0,0,0,0,0,0,0,0,1,1,0,1,0,0,0,1,1,1,1,1,1
GEN-0054,0,0,0,0,0,0,1,0,0,0,0,1,1,0,1,0,0,0,1,1,1,1,1,1
GEN-0055,0,0,0,0,0,0,0,0,0,0,0,1,1,0,1,0,0,0,1,1,1,1,1,1
GEN-0056,0,0,0,0,0,0,0,0,1,0,0,1,1,0,1,0,0,0,1,1,1,1,1,1
GEN-0057,0,0,0,0,0,0,0,0,0,0,0,1,0,0,1,0,0,0,1,1,1,1,1,0
GEN-0058,0,0,0,0,0,0,0,0,0,0,0,1,1,0,1,0,0,0,1,1,1,1,1,1
GEN-0059,0,1,0,0,0,0,0,0,1,0,0,1,1,0,1,0,0,0,1,1,1,1,1,1
GEN-0060,0,0,0,0,0,0,0,0,0,0,0,1,1,0,1,0,0,0,1,1,1,1,1,0
GEN-0061,0,0,0,0,0,0,0,0,0,0,0,1,1,0,1,0,0,0,1,1,1,1,1,1
GEN-0062,0,0,0,0,0,0,0,0,0,0,0,0,1,0,1,0,0,0,1,1,1,1,1,1
GEN-0063,0,0,0,1,0,0,0,0,0,0,1,1,1,0,1,0,0,0,1,1,1,1,1,1
GEN-0064,0,0,0,0,0,0,0,0,0,0,0,1,1,0,1,0,0,0,1,1,1,1,1,1
GEN-0065,0,0,0,0,0,0,0,0,0,0,0,1,1,0,1,0,0,0,1,1,1,1,1,1
GEN-0066,0,0,0,0,0,0,0,1,0,0,1,1,1,0,1,0,0,0,1,1,1,1,1,1
GEN-0067,0,0,0,0,0,0,0,0,0,0,0,1,1,0,1,0,0,1,1,1,1,1,1,1
GEN-0068,0,0,0,0,0,0,0,0,0,0,0,1,1,0,1,0,0,0,1,1,1,1,1,1
GEN-0069,0,0,0,0,0,0,0,0,0,0,0,0,1,0,1,0,0,0,1,1,1,1,1,1
GEN-0070,0,0,0,0,0,0,0,0,0,0,0,1,1,0,1,0,0,0,1,1,1,1,1,1
GEN-0071,0,0,0,0,0,0,0,1,0,0,0,1,1,0,1,0,0,0,1,1,1,1,1,1
GEN-0072,0,0,0,0,0,0,0,0,0,0,0,1,1,0,1,0,0,0,1,1,1,1,1,1
GEN-0073,0,0,0,0,0,0,0,0,0,0,0,1,1,0,1,0,0,0,1,1,1,1,1,1
GEN-0074,0,0,0,0,0,0,0,0,0,0,0,1,1,0,1,0,0,0,1,1,1,1,1,1
GEN-0075,0,0,0,0,0,0,0,0,0,0,0,1,1,0,1,0,0,1,1,1,1,1,0,1
GEN-0076,0,0,0,0,0,0,0,0,0,0,0,1,1,0,1,0,0,0,1,1,1,1,1,1
GEN-0077,0,0,0,0,0,0,0,0,0,0,0,1,1,0,1,0,1,0,1,1,1,1,1,1
GEN-0078,0,0,0,0,0,0,0,0,0,1,0,1,0,0,1,0,0,0,1,1,1,1,1,1
GEN-0079,0,0,0,0,0,0,0,0,0,0,0,1,1,0,1,0,0,0,1,1,1,1,1,1
GEN-0080,0,0,0,0,0,0,0,0,1,0,0,1,1,0,1,0,0,0,1,1,1,1,1,1
GEN-0081,0,0,0,0,0,0,0,0,0,0,0,1,0,0,1,0,0,0,1,1,1,1,1,1
GEN-0082,0,0,0,0,0,0,0,0,0,0,0,1,1,0,1,0,0,0,1,1,1,1,1,1
GEN-0083,0,0,0,0,0,0,0,0,0,0,0,1,1,0,1,0,0,0,1,1,1,1,1,1
GEN-0084,0,0,0,0,0,0,0,0,0,0,0,1,1,0,1,0,0,0,1,1,1,1,0,1
GEN-0085,0,0,0,0,0,0,0,0,0,0,0,1,1,0,1,0,0,0,1,1,1,1,1,1
GEN-0086,0,0,0,0,1,0,0,0,0,0,0,1,1,0,1,0,0,0,1,1,1,1,1,1
GEN-0087,0,0,0,0,0,0,0,0,0,0,0,1,1,0,1,1,0,0,1,1,1,1,1,1
GEN-0088,0,1,0,0,0,0,0,0,0,0,0,1,1,0,1,0,0,0,1,1,1,1,1,1
GEN-0089,0,0,0,0,0,0,0,0,0,0,0,1,1,0,1,0,0,0,1,0,1,1,1,1
GEN-0090,0,0,0,0,0,0,0,0,0,0,0,1,1,1,1,0,0,0,1,1,1,1,1,1
GEN-0091,0,0,0,0,0,0,1,0,0,0,0,1,1,0,1,0,0,0,1,1,1,1,1,1
GEN-0092,1,0,0,0,0,0,0,0,0,0,0,0,0,0,1,0,0,0,0,1,0,1,1,1
GEN-0093,1,0,0,0,0,0,0,0,0,0,0,0,0,0,1,0,0,0,0,1,0,1,1,1
GEN-0094,1,0,0,0,0,0,0,0,0,0,0,0,0,0,1,0,0,0,0,1,0,1,1,1
GEN-0095,1,0,0,0,0,0,0,0,0,0,0,0,0,0,1,0,0,0,0,1,0,1,1,1
GEN-0096,1,0,0,0,0,0,0,0,0,0,0,0,1,0,1,0,0,0,0,1,0,1,1,1
GEN-0097,1,0,0,0,0,0,0,1,0,0,0,0,0,0,1,0,0,0,0,1,0,1,1,1
GEN-0098,1,0,0,0,1,0,0,0,0,0,0,0,0,1,0,1,0,1,0,1,1,1,1,1
GEN-0099,1,0,0,0,1,0,0,0,0,0,0,0,0,1,0,1,0,1,0,1,1,1,1,1
GEN-0100,1,0,0,0,1,0,0,0,0,0,0,0,0,1,0,1,0,1,0,0,1,1,1,1
GEN-0101,1,0,1,0,1,0,0,0,0,0,0,0,1,1,0,1,0,1,0,1,1,1,1,1
GEN-0102,1,0,0,0,1,0,0,0,1,0,0,0,0,1,0,1,0,1,0,1,1,1,1,1
GEN-0103,1,0,0,0,1,0,0,0,0,0,0,0,0,1,0,1,0,1,0,1,1,1,1,1
GEN-0104,1,0,0,0,1,0,0,0,0,0,0,0,0,1,0,1,0,1,0,1,1,1,1,1
GEN-0105,1,0,0,0,1,0,0,0,0,0,0,0,0,0,0,1,0,1,0,1,1,0,1,1
GEN-0106,1,0,0,0,1,0,0,0,0,0,0,0,0,1,0,1,0,1,0,1,1,1,1,1
GEN-0107,1,0,0,0,1,0,0,0,0,0,0,1,0,1,0,1,0,1,0,0,1,1,1,1
GEN-0108,1,0,0,0,1,0,0,0,0,0,0,0,0,1,0,1,0,1,0,1,1,1,1,1
GEN-0109,1,0,0,0,1,0,0,0,0,0,0,0,0,1,0,1,0,1,0,1,1,1,1,1
GEN-0110,1,0,0,0,1,0,0,0,0,0,0,0,0,1,0,1,0,1,0,1,1,1,1,1
GEN-0111,1,0,0,0,1,0,0,0,0,0,0,0,0,1,0,1,0,1,0,1,1,1,1,1
GEN-0112,1,0,0,0,1,0,0,0,0,0,0,0,0,1,0,1,0,1,0,1,1,1,1,1
GEN-0113,1,0,0,0,1,0,0,0,0,0,0,0,0,1,1,0,0,1,0,1,1,1,1,1
GEN-0114,1,0,0,0,1,0,0,0,0,0,0,0,0,1,0,1,0,1,0,1,0,1,1,1
GEN-0115,1,0,0,0,1,0,0,0,0,0,0,0,0,1,0,1,0,1,0,0,1,1,1,1
GEN-0116,1,0,0,0,1,0,0,0,0,0,0,0,0,1,0,1,0,1,0,1,1,1,1,1
GEN-0117,1,0,0,0,1,0,0,0,0,0,0,0,0,1,0,1,0,1,0,1,1,1,1,1
GEN-0118,1,0,0,0,1,0,0,1,0,0,0,0,0,1,0,1,0,1,0,1,1,1,1,1
GEN-0119,1,0,0,0,1,0,0,0,0,0,0,0,0,1,0,1,0,1,0,1,1,1,1,1
GEN-0120,1,1,0,0,0,0,0,0,0,0,0,0,0,1,0,1,1,1,0,1,1,1,1,1
GEN-0121,1,0,0,0,1,0,0,0,0,0,0,0,0,1,0,1,0,1,0,1,0,1,1,1
GEN-0122,1,0,0,0,1,0,0,0,0,0,0,0,0,1,0,1,0,1,0,1,1,1,1,1
GEN-0123,1,0,0,0,1,0,0,0,0,0,0,0,0,1,0,1,0,1,0,1,1,1,1,1
GEN-0124,1,0,0,0,1,0,0,0,0,0,0,0,0,1,0,1,0,1,0,1,1,1,1,1
GEN-0125,1,0,0,0,1,0,0,0,0,0,0,0,0,1,1,1,0,1,0,1,1,1,1,1
GEN-0126,1,0,1,0,1,0,0,0,0,0,0,0,0,1,0,0,0,1,0,1,1,1,1,1
GEN-0127,1,0,0,0,1,0,0,0,0,0,0,0,1,1,0,1,0,1,0,1,1,1,1,1
GEN-0128,1,0,1,0,1,0,0,0,0,0,0,0,0,1,0,1,0,1,0,1,1,1,1,1
GEN-0129,1,0,0,0,1,0,0,0,0,0,0,0,0,1,0,1,0,1,0,1,1,1,1,1
GEN-0130,1,0,0,0,1,0,0,0,0,0,0,0,0,1,0,1,0,1,0,1,1,1,1,1
GEN-0131,1,0,0,0,1,0,0,0,0,0,0,0,0,1,0,1,0,1,0,1,1,1,1,1
GEN-0132,0,0,1,0,1,1,0,0,0,0,0,0,1,1,0,0,1,1,0,1,1,1,1,1
GEN-0133,0,0,0,0,1,1,0,0,0,0,0,0,1,1,0,0,0,1,0,0,1,1,1,1
GEN-0134,0,0,0,0,1,1,0,0,0,1,0,0,1,1,0,0,0,1,0,1,1,1,1,1
GEN-0135,0,0,0,0,1,1,0,0,0,0,0,0,1,1,0,0,0,0,0,1,1,1,1,1
GEN-0136,0,0,0,0,1,1,0,0,0,0,0,0,1,1,0,0,0,1,0,1,1,1,1,1
GEN-0137,0,0,1,0,1,1,1,0,0,0,1,0,1,1,0,0,0,1,0,1,1,1,1,1
GEN-0138,0,0,0,0,1,1,0,0,0,0,0,0,1,1,0,0,0,1,0,1,1,1,1,1
GEN-0139,0,0,0,0,1,1,0,0,0,0,0,0,1,1,0,0,0,1,0,1,1,1,1,1
GEN-0140,0,0,0,0,0,1,0,0,0,0,0,0,0,1,0,0,0,0,0,1,1,1,1,1
GEN-0141,0,0,0,0,0,1,0,0,0,0,0,0,0,0,0,0,0,0,0,1,1,1,1,1
GEN-0142,0,0,0,0,0,1,0,0,0,0,0,0,0,1,0,0,0,0,0,1,1,1,1,1
GEN-0143,0,0,0,0,0,1,0,0,0,0,0,0,0,1,0,0,0,0,0,1,1,1,1,1
GEN-0144,0,0,0,0,0,1,0,0,0,0,1,0,0,1,0,0,0,0,0,1,1,1,1,1
GEN-0145,0,0,0,0,0,1,0,0,0,0,0,0,0,1,0,0,1,0,0,1,1,1,1,1
GEN-0146,0,0,1,0,0,0,0,0,0,0,0,0,0,0,1,0,1,0,0,1,1,1,1,0
GEN-0147,0,0,1,0,0,0,0,0,0,0,0,0,0,0,1,0,1,0,0,1,1,1,1,0
GEN-0148,0,0,1,0,0,0,0,0,0,0,0,0,0,0,1,0,0,0,0,1,1,1,1,0
GEN-0149,0,0,1,0,0,0,0,0,0,0,0,0,0,0,1,0,1,0,0,1,1,1,1,0
GEN-0150,0,0,1,0,1,0,0,0,0,0,0,0,0,0,1,0,1,0,0,1,1,1,1,0
GEN-0151,0,0,1,1,1,0,0,0,0,1,0,0,0,0,1,0,0,0,0,1,1,1,1,0
GEN-0152,0,0,1,0,1,0,0,0,0,0,0,0,0,0,1,0,1,0,0,1,1,1,1,0
GEN-0153,0,0,1,0,0,0,0,0,0,0,0,1,0,1,0,0,0,0,1,1,1,1,1,1
GEN-0154,0,0,1,0,0,0,0,0,0,0,0,1,0,1,0,0,0,0,1,1,1,1,1,1
GEN-0155,0,0,0,0,0,0,0,0,0,0,0,1,0,1,0,0,0,0,1,1,0,1,0,1
GEN-0156,0,0,1,0,0,0,0,0,0,0,0,1,1,1,0,0,0,0,1,1,1,1,1,1
GEN-0157,0,0,0,0,0,0,0,0,0,0,0,1,0,1,0,0,1,0,1,1,0,1,1,1
GEN-0158,0,0,1,0,0,1,0,0,0,0,0,1,0,1,0,0,0,0,1,1,1,1,1,1
GEN-0159,0,1,1,0,0,0,0,0,0,0,0,0,0,1,1,1,1,1,0,1,1,1,1,1
GEN-0160,0,0,1,0,0,0,0,0,0,0,0,0,0,1,1,1,1,1,0,0,1,1,1,1
GEN-0161,0,0,1,0,0,1,0,0,0,0,0,0,0,1,1,1,1,1,0,0,1,1,1,1
GEN-0162,0,0,1,0,0,1,0,0,0,0,1,0,0,1,1,1,1,1,0,1,1,1,0,1
GEN-0163,0,0,1,0,0,0,0,0,0,0,0,0,0,1,1,1,1,1,0,1,1,1,1,1
GEN-0164,0,0,1,0,0,0,0,0,0,0,0,0,0,1,1,1,1,1,0,0,1,1,1,1
GEN-0165,0,0,1,0,0,0,0,0,0,0,0,0,0,1,1,1,1,1,0,1,1,1,1,1
GEN-0166,0,0,1,0,0,0,0,0,0,0,0,0,0,1,1,1,1,1,0,1,1,1,1,1
GEN-0167,0,0,1,0,0,0,0,0,0,0,1,0,0,1,1,0,1,1,0,1,1,1,1,1
GEN-0168,0,0,1,0,0,0,0,0,0,0,0,0,0,1,1,1,1,1,0,1,1,1,1,1
GEN-0169,1,0,0,0,0,0,1,0,1,0,1,1,0,0,0,0,0,1,1,1,1,1,1,1
GEN-0170,1,0,0,0,0,0,1,0,0,0,1,1,0,0,0,0,0,1,1,1,1,1,1,1
GEN-0171,1,0,0,0,0,0,1,0,0,0,1,1,0,0,0,0,0,1,1,1,1,1,1,1
GEN-0172,1,0,0,0,0,0,1,1,0,0,1,1,0,0,0,0,0,1,1,1,1,1,1,1
GEN-0173,1,0,0,0,0,0,1,0,0,0,1,1,0,0,0,0,0,1,1,1,1,1,1,1
GEN-0174,1,0,0,0,0,0,1,0,0,0,1,0,0,0,0,0,0,1,1,1,1,1,1,1
GEN-0175,1,0,0,0,0,0,1,0,0,0,1,1,0,0,0,0,0,1,1,1,1,1,1,1
GEN-0176,1,0,1,1,0,0,1,0,0,0,1,1,0,0,0,0,0,1,1,1,1,1,1,1
GEN-0177,1,0,0,0,0,0,1,0,0,0,1,1,0,0,0,0,1,1,1,1,1,1,1,1
GEN-0178,1,0,0,0,0,0,1,0,0,0,1,1,0,0,1,0,0,1,1,1,1,1,1,1
GEN-0179,1,0,0,0,0,0,1,0,0,0,1,1,0,0,0,0,0,1,1,1,1,1,1,1
GEN-0180,0,0,0,1,1,0,0,0,0,0,1,0,0,1,0,1,0,1,0,1,1,1,1,1
GEN-0181,0,1,0,1,1,0,0,0,0,0,1,0,0,1,0,1,0,1,0,1,1,1,1,1
GEN-0182,0,0,0,1,1,0,0,0,0,0,1,0,1,1,0,1,0,1,0,1,1,1,1,1
GEN-0183,0,0,0,1,1,0,0,0,0,0,1,0,0,1,0,1,0,1,0,1,1,1,1,1
GEN-0184,0,1,0,1,1,0,0,0,0,0,1,0,0,1,0,1,0,1,0,1,1,1,1,1
GEN-0185,0,0,0,1,1,0,0,0,0,0,1,0,0,1,0,1,0,1,0,1,1,1,1,1
GEN-0186,0,0,0,1,1,0,0,1,0,0,1,0,0,1,0,1,0,1,0,1,1,1,1,1
GEN-0187,0,0,1,1,1,0,0,1,0,0,1,0,0,1,0,1,0,1,0,1,1,1,1,1
GEN-0188,0,0,0,1,1,0,0,0,0,0,1,0,0,1,0,1,1,1,0,1,1,1,1,1
GEN-0189,0,0,0,1,1,0,0,0,0,0,1,0,0,1,0,1,0,1,0,1,1,1,1,1
GEN-0190,0,0,0,1,1,0,0,0,0,0,1,0,0,1,0,1,1,1,0,1,1,1,1,1
GEN-0191,0,0,0,1,1,0,0,0,0,0,1,0,0,1,0,1,0,1,0,1,1,1,1,1
GEN-0192,0,0,0,1,1,0,0,0,0,0,1,0,0,1,0,1,0,1,0,1,1,1,1,1
GEN-0193,0,0,0,1,1,0,0,0,0,0,1,0,0,1,0,1,0,1,0,1,1,1,1,1
GEN-0194,0,1,0,1,1,0,0,0,0,0,1,0,0,1,0,1,0,1,0,1,1,1,1,1
GEN-0195,0,0,0,1,1,0,0,0,0,0,1,0,0,1,0,1,0,1,0,1,1,1,1,1
GEN-0196,0,0,0,0,1,0,0,0,0,0,1,0,0,1,0,1,0,1,0,1,1,1,1,1
GEN-0197,0,0,0,1,1,0,0,1,0,0,1,0,0,1,0,1,0,1,0,0,1,1,1,1
GEN-0198,0,0,0,0,0,0,0,0,0,0,0,0,1,0,1,1,0,0,1,1,1,1,1,1
GEN-0199,1,0,0,0,0,0,0,0,0,0,0,0,1,0,1,0,0,0,1,1,1,1,1,1
GEN-0200,0,0,0,0,0,0,0,0,0,0,0,0,0,0,1,0,0,0,0,1,1,1,0,1
GEN-0201,0,0,0,0,0,0,0,0,0,0,0,0,1,0,1,0,0,0,1,1,1,1,1,1
GEN-0202,0,0,0,0,0,0,0,0,0,0,0,0,1,0,1,0,0,0,1,1,1,1,1,1
GEN-0203,0,0,0,0,0,0,0,0,0,0,0,0,1,0,1,0,0,0,1,1,1,1,1,1
GEN-0204,1,0,0,0,0,1,0,0,0,0,0,0,0,0,0,0,0,0,0,1,1,0,1,1
GEN-0205,1,0,0,0,0,1,0,0,0,1,0,0,0,0,0,0,0,0,0,1,1,1,1,1
GEN-0206,1,0,0,0,0,1,0,1,0,0,0,0,0,0,0,0,0,0,0,1,1,1,1,1
GEN-0207,1,0,0,0,1,1,0,0,0,0,0,0,0,0,0,0,0,0,0,1,1,1,1,1
GEN-0208,1,0,0,0,0,1,0,0,0,0,0,0,0,0,0,0,0,0,0,1,1,1,1,1
GEN-0209,1,0,0,0,0,1,0,0,0,0,0,0,0,0,0,0,0,0,1,1,1,1,0,1
GEN-0210,1,0,0,0,0,1,0,0,0,0,0,0,0,0,0,0,0,0,0,0,1,1,1,1
GEN-0211,1,0,0,0,0,1,0,0,0,0,0,0,0,0,0,0,0,0,0,1,1,1,1,1
GEN-0212,1,1,0,1,0,1,0,0,0,0,0,0,0,0,0,0,0,0,0,1,1,1,1,1
GEN-0213,1,0,0,0,0,1,0,0,0,0,0,0,0,0,0,0,0,0,0,1,1,1,1,1
GEN-0214,1,0,0,0,0,1,0,0,0,0,0,0,0,0,0,0,1,0,0,1,1,1,1,1
GEN-0215,1,0,0,0,0,1,0,0,0,0,0,1,0,0,0,0,0,0,0,1,1,1,1,1
GEN-0216,1,0,0,0,0,1,0,0,0,0,1,0,0,0,0,0,0,0,0,1,1,1,1,1
GEN-0217,1,0,0,1,0,0,0,0,0,0,0,1,0,0,0,0,0,0,0,1,1,1,1,1
GEN-0218,1,0,0,0,0,1,0,0,0,0,1,0,0,0,0,0,0,0,0,1,1,1,1,1
GEN-0219,1,0,0,0,0,1,0,0,0,0,0,0,0,0,0,0,0,0,0,1,1,1,1,1
GEN-0220,1,0,0,0,0,1,0,0,0,0,0,0,0,0,0,0,0,0,0,1,0,1,0,1
GEN-0221,1,0,0,0,0,1,0,1,0,0,0,0,0,0,0,0,0,0,0,1,1,1,1,1
GEN-0222,1,0,0,0,1,1,0,0,0,0,1,0,0,0,0,0,0,0,0,1,1,1,1,1
GEN-0223,1,0,0,0,0,1,0,0,0,0,0,0,1,0,0,0,0,0,0,1,1,1,1,1
GEN-0224,1,0,0,0,0,1,0,0,0,0,0,0,0,0,0,0,0,0,0,1,1,1,1,1
GEN-0225,1,0,0,0,1,1,0,0,0,0,0,0,0,0,0,0,0,0,0,1,1,1,1,1
GEN-0226,0,0,0,0,0,1,0,0,0,0,0,0,0,0,0,0,0,0,0,1,1,1,1,1
GEN-0227,1,0,0,0,0,1,0,0,0,0,0,0,0,0,0,0,0,0,0,1,1,1,1,1
GEN-0228,1,0,0,0,0,1,0,0,0,0,0,0,1,0,1,0,0,0,0,1,1,1,1,1
GEN-0229,1,0,0,0,0,1,0,0,0,0,0,0,0,0,0,0,0,1,0,1,1,1,1,1
GEN-0230,0,0,0,0,0,1,0,0,0,0,0,0,0,0,0,0,0,0,0,1,1,1,1,1
GEN-0231,1,0,0,0,0,1,0,0,0,0,0,0,0,0,0,0,0,0,0,1,1,1,1,1
GEN-0232,1,0,0,0,0,1,0,0,0,0,0,0,0,0,0,0,0,0,0,1,1,1,1,1
GEN-0233,1,0,0,0,0,1,0,0,0,0,0,0,0,0,0,0,0,0,0,1,1,1,1,1
GEN-0234,1,0,0,0,0,1,0,0,0,0,0,0,0,0,0,0,1,0,0,1,1,1,1,1
GEN-0235,1,0,0,0,0,1,0,0,0,0,0,0,0,0,0,0,0,0,0,1,1,1,1,1
GEN-0236,1,0,0,0,0,1,0,0,0,0,0,0,0,0,0,0,0,0,0,1,1,1,1,1
GEN-0237,1,1,0,0,0,1,0,0,0,0,1,0,0,0,0,0,0,0,0,1,1,1,1,1
GEN-0238,1,0,0,0,0,1,1,0,0,0,0,0,0,0,0,0,0,0,0,1,1,1,1,1
GEN-0239,1,0,0,0,0,1,0,0,0,0,0,0,0,0,0,0,0,0,0,1,1,1,1,1
GEN-0240,1,0,0,0,0,1,0,0,0,0,0,0,0,0,0,0,0,0,0,1,1,1,1,1
GEN-0241,0,0,0,0,0,1,0,0,0,0,0,0,0,0,0,0,0,0,0,1,1,1,1,1
GEN-0242,1,0,0,1,0,1,0,0,0,0,0,0,0,0,0,0,0,0,0,1,1,1,1,1
GEN-0243,1,0,0,0,0,1,0,0,0,0,0,0,0,0,0,0,0,0,0,1,1,1,1,1
GEN-0244,1,0,0,0,0,1,0,0,0,0,0,0,0,0,0,0,0,0,1,1,1,1,0,1
GEN-0245,1,1,0,0,0,1,0,0,0,0,0,0,0,0,0,0,0,0,0,1,1,1,1,1
GEN-0246,0,0,1,0,0,0,0,0,0,0,0,1,0,0,0,1,0,0,1,1,1,0,1,1
GEN-0247,0,0,1,0,0,0,0,0,0,0,0,1,0,0,0,1,0,0,1,1,1,1,1,1
GEN-0248,0,0,0,0,0,0,0,0,1,0,0,1,0,0,0,1,0,0,1,1,1,1,1,1
GEN-0249,0,0,0,0,0,0,0,0,0,0,0,1,0,0,0,1,0,0,1,1,0,1,1,1
GEN-0250,0,0,1,0,0,0,0,0,0,0,0,1,1,0,0,1,0,0,1,1,1,1,1,1
GEN-0251,0,0,1,0,0,0,0,0,0,0,0,1,0,0,0,1,0,0,1,1,1,1,1,1
GEN-0252,0,0,1,0,0,0,0,0,0,0,0,1,0,0,0,1,0,0,1,1,1,1,1,1
GEN-0253,0,0,1,0,0,0,0,0,0,0,0,1,0,0,0,1,0,0,1,1,1,1,1,1
GEN-0254,0,0,1,0,0,0,0,0,0,0,0,1,0,0,0,1,0,0,0,1,1,1,1,1
GEN-0255,0,0,1,1,0,0,0,0,0,0,0,1,0,0,1,0,0,0,0,1,1,1,1,1
GEN-0256,0,0,1,1,0,0,0,0,0,0,0,1,0,0,1,0,0,0,0,1,1,1,1,1
GEN-0257,0,0,1,1,0,0,0,1,0,0,0,1,0,0,1,0,0,0,0,1,1,1,1,1
GEN-0258,0,0,1,1,0,0,0,0,0,0,0,1,0,0,0,0,0,0,0,1,1,1,1,1
GEN-0259,0,0,1,1,0,0,0,0,0,0,0,1,0,0,1,0,0,0,0,1,1,1,1,1
GEN-0260,0,0,1,1,0,0,0,0,0,0,0,1,0,0,1,0,0,1,0,1,1,1,1,1
GEN-0261,0,0,1,1,0,0,0,0,0,0,0,1,0,0,1,0,0,0,0,1,1,1,1,1
GEN-0262,1,0,1,0,0,1,0,0,0,0,0,0,0,0,1,1,0,1,0,1,1,1,1,1
GEN-0263,1,0,1,0,0,1,0,1,0,0,0,0,0,0,1,1,0,1,0,1,1,1,1,1
GEN-0264,0,0,1,0,0,1,0,0,0,0,0,0,0,0,1,1,0,1,0,1,1,1,1,1
GEN-0265,1,0,1,0,0,1,0,0,0,0,0,0,0,0,1,1,0,1,0,1,1,1,1,0
GEN-0266,1,0,1,0,0,1,0,0,0,0,0,0,0,0,1,1,0,1,0,1,1,1,1,1
GEN-0267,1,0,1,0,0,1,0,0,0,0,0,0,0,1,1,1,0,1,0,1,1,1,1,1
GEN-0268,1,0,1,0,0,1,0,0,0,0,0,0,0,0,1,1,0,1,0,1,1,1,1,1
GEN-0269,1,0,1,0,0,1,0,0,0,0,0,0,0,0,1,1,0,1,0,1,1,1,1,1
GEN-0270,1,0,1,0,0,0,0,0,0,0,0,0,0,0,1,1,0,1,0,1,1,1,1,1
GEN-0271,0,0,0,0,1,0,1,0,0,0,0,1,0,1,0,0,0,0,0,1,1,1,1,1
GEN-0272,0,0,0,0,1,1,1,0,0,0,0,1,0,1,0,1,1,0,0,1,1,1,1,1
GEN-0273,0,0,0,0,1,0,1,0,0,0,0,1,0,1,0,0,0,0,0,1,1,1,1,1
GEN-0274,0,0,0,0,1,0,1,0,0,0,0,1,0,1,0,0,0,0,0,1,1,1,1,1
GEN-0275,0,0,0,0,1,0,1,0,0,0,0,1,0,1,0,0,0,0,0,1,1,1,1,1
GEN-0276,0,0,0,0,1,0,1,0,0,0,0,1,0,1,0,0,0,0,0,1,1,1,1,1
GEN-0277,1,0,1,1,0,1,1,0,0,0,1,0,0,1,1,0,1,0,1,0,1,1,1,1
GEN-0278,1,0,1,1,0,1,1,0,0,0,1,0,0,1,1,0,1,0,1,0,1,1,1,1
GEN-0279,1,0,1,1,0,1,1,0,0,0,1,0,0,1,1,0,1,0,1,0,1,1,1,1
GEN-0280,1,0,1,1,0,1,1,0,0,0,1,0,0,1,1,0,1,0,1,0,1,1,1,1
GEN-0281,1,0,1,1,0,1,1,0,0,0,1,0,0,1,1,0,1,1,1,0,1,1,1,1
GEN-0282,1,0,1,1,0,0,1,0,0,0,1,0,0,1,1,0,1,0,1,0,1,1,1,1
GEN-0283,1,0,0,0,0,0,0,0,0,0,1,0,0,0,0,0,0,1,0,1,1,1,1,1
GEN-0284,1,0,0,1,0,0,0,1,0,0,1,0,0,0,0,0,0,1,0,1,1,1,1,1
GEN-0285,1,0,0,0,0,0,0,0,0,0,1,0,0,0,0,0,0,1,0,1,1,1,1,1
GEN-0286,1,0,0,0,0,0,0,0,0,0,1,0,0,0,0,0,0,1,0,0,1,1,1,1
GEN-0287,1,0,0,0,0,0,0,0,1,0,1,0,0,0,0,0,0,1,0,1,1,1,1,1
GEN-0288,1,0,0,0,0,0,0,0,0,0,1,0,0,0,0,0,0,1,0,1,1,1,1,1
GEN-0289,1,0,0,0,0,0,0,0,0,0,1,0,0,0,0,0,0,1,0,1,1,1,1,1
GEN-0290,1,0,0,0,0,0,0,0,0,0,1,0,0,0,0,0,0,1,0,1,1,1,1,1
GEN-0291,1,0,1,0,0,0,0,0,0,0,1,0,0,0,0,0,0,1,1,1,1,1,1,0
GEN-0292,1,0,0,0,0,0,0,1,0,0,1,0,0,0,0,0,0,1,0,1,1,1,1,1
GEN-0293,1,0,0,0,0,0,0,0,0,0,1,0,0,0,0,0,0,1,0,1,1,1,1,1
GEN-0294,1,0,0,0,0,0,0,0,0,0,1,0,0,0,0,0,0,1,0,1,1,1,1,1
GEN-0295,0,0,0,1,0,0,0,0,0,0,0,0,0,1,0,0,1,0,0,1,1,1,1,1
GEN-0296,0,0,0,1,0,0,0,0,0,1,0,0,0,1,0,0,1,0,0,1,1,1,1,1
GEN-0297,0,0,0,1,0,0,0,0,0,0,0,0,0,1,1,0,1,0,0,1,1,1,1,1
GEN-0298,0,0,0,1,0,0,0,0,0,0,1,0,0,1,0,0,1,0,0,1,1,1,1,1
GEN-0299,0,0,0,1,1,0,0,0,0,0,0,0,0,1,0,0,1,0,0,1,1,1,1,1
GEN-0300,0,0,0,1,0,0,0,0,0,0,0,0,0,1,0,1,1,0,0,1,1,1,1,1
GEN-0301,1,0,0,1,0,0,0,0,0,0,0,0,0,1,0,0,1,0,1,1,1,1,1,1
GEN-0302,0,0,1,1,0,0,0,0,0,0,0,0,0,1,0,0,1,0,0,1,1,1,1,1
GEN-0303,0,0,0,1,0,0,0,0,0,0,0,0,0,1,0,0,0,0,0,1,1,1,1,1
GEN-0304,1,0,0,1,0,0,1,0,0,0,0,1,0,0,0,0,0,0,1,1,1,1,1,1
GEN-0305,1,0,0,1,0,0,1,0,0,0,0,0,0,0,0,0,0,0,1,1,1,1,1,1
GEN-0306,1,0,0,1,0,0,1,0,0,0,0,0,0,0,0,0,0,0,1,1,1,1,1,1
GEN-0307,1,0,0,0,0,0,1,0,0,0,0,0,0,0,0,0,0,0,1,1,1,1,1,1
GEN-0308,1,0,0,1,0,0,1,0,0,0,0,0,0,0,0,0,0,0,1,1,1,1,1,1
GEN-0309,1,0,0,1,0,0,1,0,0,0,0,0,0,0,0,0,0,0,1,1,1,1,1,1
GEN-0310,1,0,1,1,0,0,1,0,1,0,0,0,0,0,0,0,0,0,1,1,1,1,0,1
GEN-0311,1,0,0,1,0,0,1,0,0,0,0,0,1,0,0,0,0,0,1,1,1,1,1,1
GEN-0312,1,0,0,1,0,0,1,0,0,0,0,0,0,0,0,0,0,0,1,1,1,1,1,1
GEN-0313,1,0,0,1,0,0,1,0,0,0,0,1,0,0,0,0,0,0,1,1,1,1,1,1
GEN-0314,1,0,0,1,0,0,1,0,0,0,0,0,0,0,0,0,0,0,1,1,1,1,1,1
GEN-0315,1,0,0,1,0,0,0,0,0,0,0,0,0,0,0,0,0,0,1,1,1,1,1,1
GEN-0316,1,1,0,1,0,0,1,0,0,0,0,0,0,0,0,0,0,0,1,1,1,1,1,1
GEN-0317,1,0,0,1,0,0,1,0,0,0,0,0,0,0,0,0,0,0,1,1,1,1,1,0
GEN-0318,1,0,0,1,0,0,1,0,0,0,0,1,0,0,0,0,0,0,1,1,1,1,1,1
GEN-0319,1,0,0,1,0,0,1,0,0,0,0,0,0,0,0,0,0,0,1,1,1,1,1,0
GEN-0320,1,0,0,1,0,0,1,0,0,0,0,0,0,0,0,0,0,0,1,1,1,1,1,1
GEN-0321,1,1,0,1,0,0,1,0,0,0,0,0,0,0,0,0,0,0,1,0,1,1,1,1
GEN-0322,1,0,0,1,0,0,1,0,0,0,0,0,0,0,0,0,1,0,1,1,1,1,1,1
GEN-0323,1,0,0,1,0,0,0,0,0,0,0,0,0,0,0,0,0,1,1,1,1,1,1,1
GEN-0324,1,0,0,1,0,0,1,0,0,1,0,0,0,0,0,0,0,0,1,1,1,1,1,0
GEN-0325,1,0,0,1,0,0,1,0,0,0,0,0,0,0,0,0,0,0,1,1,1,1,1,1
GEN-0326,1,0,0,1,0,0,1,0,0,0,0,0,1,0,0,0,0,0,1,1,1,1,1,1
GEN-0327,0,0,0,0,0,0,0,0,0,0,1,0,1,0,1,0,1,0,0,1,1,1,1,1
GEN-0328,0,0,0,0,0,0,0,0,0,0,1,0,1,0,1,0,1,0,0,1,1,1,1,1
GEN-0329,0,1,0,0,0,0,0,0,0,0,1,0,1,1,1,0,1,0,0,1,1,1,1,1
GEN-0330,0,0,0,0,1,0,0,1,0,0,1,0,1,0,1,0,1,0,0,1,1,1,1,1
GEN-0331,0,0,0,0,0,0,0,0,0,0,1,0,1,0,1,0,1,0,0,1,1,1,1,1
GEN-0332,0,0,0,0,0,0,0,0,0,0,1,0,1,0,1,0,1,0,0,1,1,1,1,1
GEN-0333,0,0,0,0,0,0,0,0,0,0,1,0,1,1,1,0,1,0,0,1,1,1,1,1
GEN-0334,0,1,0,0,0,1,0,1,0,0,1,1,0,0,0,0,0,1,0,1,1,1,1,1
GEN-0335,1,1,0,0,0,1,0,1,0,0,1,0,0,0,0,0,1,1,0,1,1,1,1,1
GEN-0336,1,1,0,0,0,1,0,1,0,0,1,1,0,0,0,0,0,1,0,1,1,1,1,1
GEN-0337,1,1,0,0,0,1,0,1,0,0,1,0,0,0,0,0,0,1,0,1,1,1,1,1
GEN-0338,1,1,0,0,0,1,0,1,0,0,1,1,0,0,0,0,0,1,0,1,1,1,1,1
GEN-0339,1,1,0,0,0,1,0,1,0,0,1,1,0,0,0,0,0,1,0,1,1,1,1,1
GEN-0340,1,1,0,0,0,1,0,1,0,0,1,1,0,0,0,0,0,1,0,1,1,1,1,1
GEN-0341,1,0,0,0,0,0,0,0,0,0,1,1,0,0,1,0,1,1,0,0,0,1,1,1
GEN-0342,1,0,0,0,0,0,0,0,0,0,1,1,0,0,1,0,1,1,0,0,0,1,1,1
GEN-0343,1,0,0,0,0,0,0,0,0,0,1,1,0,0,1,0,1,1,0,0,0,1,1,1
GEN-0344,1,0,0,0,0,0,0,0,0,0,1,1,0,0,1,0,1,1,0,0,0,0,1,0
GEN-0345,1,0,0,0,0,0,0,0,0,0,1,1,1,0,1,0,1,1,0,0,0,1,1,1
GEN-0346,1,0,0,0,0,0,0,0,0,0,1,1,0,0,1,0,1,1,0,0,0,1,1,0
GEN-0347,1,0,0,0,0,0,0,0,0,0,1,1,0,0,1,0,1,1,0,0,0,1,1,1
GEN-0348,1,0,0,0,0,0,0,0,0,0,1,1,0,0,1,0,1,1,0,0,0,1,1,1
GEN-0349,1,0,0,0,0,0,0,0,0,0,1,1,0,0,1,0,1,1,0,0,0,1,1,1
GEN-0350,1,0,0,0,0,0,0,0,0,0,1,1,0,0,1,0,1,0,0,0,0,1,1,1
GEN-0351,1,0,0,0,0,0,0,0,0,0,1,1,0,0,1,0,1,1,0,0,0,1,1,1
GEN-0352,1,0,1,0,1,0,0,0,0,0,1,0,1,1,1,0,0,0,0,1,1,1,1,1
GEN-0353,1,0,1,0,0,0,0,0,0,0,1,1,1,1,1,0,0,0,0,1,1,1,1,1
GEN-0354,1,0,1,0,0,0,0,0,0,0,1,1,1,1,1,0,0,1,0,1,1,1,1,1
GEN-0355,1,0,0,0,0,0,1,0,0,0,1,1,1,1,1,0,0,0,0,1,1,1,1,1
GEN-0356,1,0,1,0,0,0,0,0,0,0,1,1,1,1,1,0,0,0,0,1,1,1,1,1
GEN-0357,1,0,1,0,0,0,0,0,0,0,1,1,1,1,1,0,0,0,0,1,1,1,1,1
GEN-0358,1,0,1,0,0,0,0,0,0,0,1,1,1,1,1,0,0,1,0,1,1,1,1,1
GEN-0359,0,0,0,0,0,0,0,0,0,0,1,0,0,1,0,0,0,0,1,1,1,1,1,1
GEN-0360,0,0,0,0,0,0,0,0,0,0,1,0,0,1,0,0,0,0,1,1,1,1,1,1
GEN-0361,0,0,0,0,0,0,0,0,0,0,0,0,0,1,0,0,0,0,1,1,1,1,1,1
GEN-0362,0,0,0,0,0,0,0,0,0,0,0,0,0,1,0,0,0,0,1,1,1,1,1,1
GEN-0363,0,0,0,0,0,0,0,0,0,0,0,0,0,1,0,0,0,0,1,1,1,1,1,1
GEN-0364,0,0,0,0,0,0,1,0,0,0,1,0,0,1,0,0,1,1,0,1,1,1,1,1
GEN-0365,1,0,0,0,0,0,1,0,0,0,0,0,0,0,0,0,0,1,0,1,1,1,1,1
GEN-0366,0,0,0,0,0,0,1,0,0,0,1,0,0,0,0,0,1,1,0,1,1,1,1,1
GEN-0367,1,0,0,0,0,0,1,0,0,0,1,0,0,0,0,0,1,0,0,1,1,1,1,1
GEN-0368,0,0,0,0,0,0,1,0,0,0,1,1,0,0,0,0,1,1,0,1,0,1,1,1
GEN-0369,0,0,0,0,0,1,1,0,0,0,1,0,0,0,0,0,1,1,0,1,1,1,1,1
GEN-0370,0,0,0,0,0,0,0,0,0,0,0,0,1,0,0,0,1,0,0,1,1,1,0,1
GEN-0371,0,0,0,0,0,0,0,0,0,0,0,0,1,0,0,0,1,0,0,1,1,1,0,1
GEN-0372,0,1,0,0,0,0,0,0,1,0,0,0,1,0,0,0,1,0,0,1,1,1,0,1
GEN-0373,0,0,0,0,0,0,0,0,0,0,0,0,1,0,0,0,1,0,0,1,1,1,0,1
GEN-0374,0,0,0,0,0,0,0,0,1,0,0,0,1,0,0,0,1,0,0,1,1,1,0,1
GEN-0375,0,0,0,0,0,0,0,0,0,0,0,0,1,0,0,0,1,0,0,1,1,1,0,1
GEN-0376,0,0,0,0,0,0,0,0,0,0,0,0,1,0,0,0,1,0,0,1,1,1,0,1
GEN-0377,0,0,0,0,0,0,0,0,0,1,0,0,1,0,0,0,1,0,0,1,1,1,0,1
GEN-0378,0,0,1,0,0,0,0,0,0,0,0,0,1,0,0,0,1,0,0,1,1,1,0,1
GEN-0379,0,0,0,0,0,0,0,0,0,0,0,0,1,0,0,0,1,0,0,1,1,1,0,0
GEN-0380,1,1,0,0,0,0,1,0,0,1,0,0,0,0,0,1,0,1,1,1,1,1,1,1
GEN-0381,1,0,0,0,0,0,1,0,0,1,0,0,0,0,0,1,0,1,1,1,1,1,1,1
GEN-0382,1,0,0,0,0,0,1,0,0,1,0,0,1,0,0,1,0,1,1,1,1,1,1,1
GEN-0383,1,0,0,0,0,0,1,0,0,1,0,0,0,0,0,1,0,1,1,1,1,1,1,1
GEN-0384,1,0,0,0,0,0,1,0,0,1,0,0,0,0,0,1,0,1,1,1,1,1,1,1
GEN-0385,1,0,0,0,0,0,1,1,0,1,0,0,0,0,0,1,0,1,1,1,1,1,1,1
GEN-0386,1,0,0,0,0,0,1,0,0,1,0,0,0,0,0,1,1,1,1,1,1,1,1,1
GEN-0387,1,0,0,0,0,0,1,0,0,1,0,0,0,0,1,1,0,1,1,1,1,1,1,1
GEN-0388,1,0,0,1,0,0,0,0,0,0,1,0,1,0,1,0,1,1,0,1,1,1,1,1
GEN-0389,1,0,0,1,0,0,0,0,0,0,0,0,1,0,1,0,1,1,0,1,1,1,1,1
GEN-0390,1,0,0,1,0,0,0,0,0,0,0,0,1,0,1,0,1,0,0,1,1,1,1,1
GEN-0391,1,0,0,1,0,0,0,0,0,0,0,0,1,0,1,1,1,1,0,1,1,1,1,1
GEN-0392,1,0,0,1,0,0,0,0,0,0,0,0,1,0,1,0,1,1,0,1,1,1,1,1
GEN-0393,1,0,0,1,0,0,0,0,1,0,0,0,1,0,1,0,1,1,0,1,1,1,1,1
GEN-0394,1,0,0,1,0,0,0,0,0,0,0,0,1,0,1,0,1,1,0,1,1,1,1,1
GEN-0395,1,0,0,1,0,0,0,0,0,0,0,0,1,0,1,0,1,1,0,1,1,1,1,1
GEN-0396,1,0,0,1,0,0,0,0,0,0,0,0,1,0,1,0,1,1,0,1,1,1,1,1
GEN-0397,1,0,0,1,0,0,0,0,0,0,0,0,1,0,1,0,1,1,0,1,1,1,1,1
GEN-0398,1,0,0,1,0,0,0,0,0,0,0,0,1,0,1,0,1,1,0,1,1,1,1,1
GEN-0399,1,1,0,1,0,0,0,0,0,0,0,0,1,0,1,0,1,1,0,1,1,1,1,1
GEN-0400,1,0,0,1,0,0,0,0,0,0,0,0,1,0,1,0,1,1,0,1,1,1,1,1
GEN-0401,0,0,0,0,0,0,1,0,0,1,1,1,1,1,1,0,0,0,0,1,1,1,1,1
GEN-0402,0,0,0,0,0,0,0,0,0,0,1,1,1,1,1,0,1,0,0,0,1,1,1,1
GEN-0403,0,0,0,0,0,0,0,0,0,0,1,1,1,1,1,0,1,0,0,0,1,1,1,1
GEN-0404,0,0,0,0,0,0,0,1,0,0,1,1,1,1,1,0,1,0,0,0,1,1,1,1
GEN-0405,0,0,0,0,0,0,0,0,0,0,1,1,1,1,1,0,1,0,0,0,1,1,0,1
GEN-0406,1,0,0,0,0,0,0,0,0,0,0,0,0,0,1,0,0,0,0,1,1,1,1,1
GEN-0407,1,0,0,0,0,0,0,0,0,0,0,0,0,0,1,0,0,0,1,1,1,1,1,1
GEN-0408,1,0,0,1,0,0,0,0,0,0,0,0,0,0,0,0,0,0,0,1,1,1,1,1
GEN-0409,1,0,0,0,0,0,0,0,0,0,0,0,0,0,1,0,0,0,0,1,1,1,1,1
GEN-0410,1,0,0,0,0,0,0,0,0,1,0,0,0,0,1,0,0,0,0,0,1,1,1,1
GEN-0411,1,0,0,0,0,0,0,0,0,0,0,0,0,0,1,0,0,0,0,1,1,1,1,1
GEN-0412,1,0,0,0,0,0,0,0,0,0,0,0,0,0,1,0,0,0,0,1,1,1,1,1
GEN-0413,1,0,0,0,0,0,0,0,0,0,0,0,0,0,1,0,0,0,0,1,1,1,1,1
GEN-0414,1,0,0,0,0,0,0,0,0,0,0,0,0,0,1,0,0,0,0,1,1,1,1,1
GEN-0415,1,0,0,0,0,0,0,0,0,0,0,0,0,0,1,0,0,0,0,1,1,1,1,1
GEN-0416,0,0,0,0,0,0,0,0,0,0,0,1,1,0,0,1,0,1,0,1,1,1,1,1
GEN-0417,0,0,0,0,0,0,0,0,0,0,0,1,1,0,0,1,0,1,0,1,1,1,1,1
GEN-0418,0,0,0,0,0,0,0,0,0,0,0,1,1,0,0,1,0,1,0,1,1,1,1,1
GEN-0419,0,0,0,0,1,0,0,0,0,0,0,1,1,0,0,0,0,1,0,1,1,1,1,1
GEN-0420,0,0,0,0,0,0,0,0,0,0,0,1,1,0,1,1,0,1,0,1,1,1,1,1
GEN-0421,0,0,0,0,0,0,0,0,0,0,0,1,1,0,0,1,0,1,0,1,1,1,1,1
GEN-0422,0,0,1,0,0,0,0,1,0,1,1,0,0,0,1,0,0,0,0,1,1,1,1,1
GEN-0423,1,0,0,0,0,0,0,0,0,1,1,0,0,0,0,0,0,0,0,1,0,1,1,1
GEN-0424,0,0,1,0,0,0,0,0,0,1,1,0,0,0,0,0,0,0,0,1,1,1,1,1
GEN-0425,0,0,1,0,0,0,0,0,0,1,1,0,0,0,0,0,0,0,0,1,1,1,1,1
GEN-0426,0,0,0,0,0,0,0,0,0,1,1,0,0,0,0,0,0,0,0,1,0,1,1,1
GEN-0427,0,0,1,0,0,0,0,0,0,1,1,0,0,0,0,1,0,0,0,1,1,1,1,1
GEN-0428,0,0,1,0,0,0,0,0,0,1,1,0,0,1,0,0,0,0,0,1,1,1,1,1
GEN-0429,1,1,0,0,1,0,0,0,0,0,0,0,0,0,0,0,1,1,0,1,1,1,1,1
GEN-0430,1,0,0,0,1,0,0,0,0,0,0,0,0,0,0,0,1,1,0,1,1,1,1,1
GEN-0431,1,0,0,0,1,0,0,0,0,0,0,0,0,0,0,0,1,1,0,1,1,1,1,1
GEN-0432,1,0,0,0,1,0,0,0,0,0,0,0,0,0,0,0,1,1,0,1,1,1,1,1
GEN-0433,1,0,0,0,1,0,0,0,0,0,0,0,0,0,0,0,1,1,0,1,1,1,1,1
GEN-0434,1,0,0,0,1,0,0,0,0,0,0,0,0,0,0,0,1,1,0,1,1,1,1,1
GEN-0435,1,0,0,0,1,0,0,0,0,0,0,0,0,0,0,0,1,1,0,1,1,1,1,1
GEN-0436,1,0,0,1,1,0,0,0,0,0,0,0,0,0,0,0,1,1,0,1,1,1,1,1
GEN-0437,1,0,0,0,1,0,0,0,0,0,0,0,0,0,1,0,1,1,0,1,1,1,1,1
GEN-0438,1,1,0,0,0,0,0,0,0,0,0,0,0,0,0,0,1,1,0,1,1,1,1,1
GEN-0439,1,0,0,0,1,0,0,0,0,0,0,0,0,0,0,0,1,1,0,1,1,1,1,1
GEN-0440,1,0,0,0,1,0,0,0,0,0,0,0,0,0,0,0,1,1,0,1,1,1,1,1
GEN-0441,1,0,0,0,1,0,0,0,0,0,0,0,0,0,0,0,1,1,0,1,1,1,1,1
GEN-0442,1,0,0,0,1,0,1,0,0,0,0,0,0,0,0,0,1,0,0,1,1,1,1,1
GEN-0443,1,0,0,0,1,0,1,0,0,0,0,0,0,0,0,0,1,1,0,1,1,1,1,1
GEN-0444,1,0,0,0,1,0,0,0,0,0,0,0,0,0,0,0,1,1,0,1,1,1,1,1
GEN-0445,1,0,0,0,1,0,0,0,0,0,1,0,0,1,0,0,1,1,0,1,1,1,1,1
GEN-0446,1,0,0,0,1,0,0,0,0,0,0,0,0,0,0,0,1,1,0,1,1,0,1,1
GEN-0447,1,0,0,0,0,0,0,0,0,0,0,0,0,0,0,0,1,1,0,1,1,1,0,1
GEN-0448,1,0,0,0,1,0,0,0,0,0,0,0,0,0,0,0,1,1,0,1,1,1,1,1
GEN-0449,1,0,0,0,1,0,0,0,0,0,0,0,0,0,0,0,1,1,0,1,1,1,1,1
GEN-0450,0,0,0,0,0,0,0,0,0,0,0,0,0,0,0,0,1,1,0,1,1,1,0,1
GEN-0451,1,0,0,0,1,0,0,0,0,0,0,0,0,0,0,0,1,1,0,1,1,1,1,1
GEN-0452,1,0,0,0,1,0,0,0,0,0,0,0,0,0,0,0,1,1,0,1,1,1,1,1
GEN-0453,1,0,0,0,1,0,0,0,0,0,0,0,0,0,0,0,1,1,0,0,1,1,1,1
GEN-0454,1,0,0,0,0,0,0,0,0,0,0,0,0,0,0,0,1,1,0,1,1,1,0,1
GEN-0455,1,0,0,0,1,0,0,0,0,0,0,0,0,0,0,0,1,1,0,1,1,1,1,1
GEN-0456,1,0,0,0,1,0,0,0,0,0,0,0,0,0,0,0,1,1,0,1,1,1,1,1
GEN-0457,1,0,0,0,1,0,0,0,0,0,0,0,0,0,0,0,1,1,1,1,1,1,1,1
GEN-0458,1,0,0,0,1,0,0,0,1,0,0,0,0,0,0,0,1,1,0,1,1,1,1,1
GEN-0459,1,0,0,0,1,0,0,0,0,0,0,0,0,0,0,0,1,1,0,1,1,1,1,1
GEN-0460,1,0,0,0,0,0,0,0,0,0,0,0,0,0,0,0,1,1,0,1,1,1,0,1
GEN-0461,1,0,0,0,1,0,0,0,0,0,0,0,0,0,0,0,1,1,0,1,1,1,1,1
GEN-0462,1,0,0,0,1,0,0,0,0,0,0,0,0,0,0,0,1,1,0,1,1,1,1,1
GEN-0463,1,0,0,0,1,0,0,0,0,0,0,0,0,0,0,0,1,1,0,1,1,1,1,1
GEN-0464,1,0,0,0,1,0,0,0,0,0,0,0,0,0,0,0,1,1,0,1,1,1,1,0
GEN-0465,1,0,0,0,1,0,1,0,0,0,0,1,0,0,0,1,1,1,0,1,1,1,1,1
GEN-0466,1,0,0,0,1,0,0,0,0,0,0,0,0,0,0,0,1,1,0,1,1,1,1,1
GEN-0467,1,0,0,0,1,0,0,0,0,1,0,0,0,0,0,0,1,1,0,1,1,1,1,0
GEN-0468,1,0,0,0,1,0,0,0,0,0,0,0,0,0,0,0,0,1,0,0,1,1,1,1
GEN-0469,1,0,0,0,1,0,0,0,0,0,0,0,0,0,0,0,1,1,0,1,1,1,1,1
GEN-0470,0,0,0,0,0,0,0,0,0,0,0,0,0,0,0,1,0,0,0,1,0,1,0,0
GEN-0471,0,0,0,0,0,0,0,0,0,0,0,0,0,0,0,1,0,0,0,1,0,1,1,1
GEN-0472,0,0,0,0,0,0,1,0,0,0,0,0,1,0,0,1,0,0,0,1,0,1,0,1
GEN-0473,1,0,0,0,0,0,0,0,0,0,0,0,0,0,0,1,0,0,0,1,0,1,1,1
GEN-0474,0,0,0,0,0,0,0,0,0,1,0,1,0,0,0,1,0,0,0,1,0,1,1,1
GEN-0475,0,0,0,0,0,0,0,0,0,0,0,0,0,0,0,1,0,0,1,1,0,1,1,1
GEN-0476,0,0,0,0,0,0,0,0,0,0,0,0,0,0,0,1,0,0,0,1,1,1,1,1
GEN-0477,0,0,0,0,0,0,0,0,0,0,0,0,0,0,0,1,0,0,0,0,0,1,1,1
GEN-0478,0,0,0,0,0,0,0,0,0,0,0,0,0,0,0,1,0,0,0,1,0,1,1,1
GEN-0479,0,0,0,0,0,0,0,0,0,0,0,0,0,0,0,1,0,0,0,1,0,1,1,1
GEN-0480,0,0,0,0,0,0,0,0,0,0,0,0,0,0,0,1,0,0,0,1,0,1,1,1
GEN-0481,0,0,0,0,0,0,0,0,0,0,0,0,0,1,0,1,0,0,0,1,0,1,1,1
GEN-0482,0,0,0,0,0,0,0,0,0,1,0,0,0,0,0,1,0,0,0,1,0,1,1,1
GEN-0483,0,0,0,0,0,1,0,0,0,1,1,0,0,1,0,1,1,0,1,1,0,0,1,1
GEN-0484,0,0,0,0,0,1,0,0,0,1,1,0,0,1,0,1,1,0,1,1,1,0,1,1
GEN-0485,0,0,0,0,0,1,0,0,0,1,1,0,0,1,0,1,1,0,1,1,1,0,1,1
GEN-0486,0,0,0,0,0,1,0,0,0,1,1,0,0,1,1,1,1,0,1,1,1,0,1,1
GEN-0487,0,0,0,0,0,1,0,0,0,1,1,0,0,1,0,1,1,0,1,1,1,0,1,1
GEN-0488,0,1,0,0,0,1,0,0,0,1,1,0,0,1,0,1,1,0,1,1,1,0,1,1
GEN-0489,0,0,0,0,0,1,0,0,0,1,1,0,0,1,0,1,1,0,1,1,1,0,1,1
GEN-0490,0,0,0,0,0,1,0,0,0,1,1,0,0,1,0,1,1,0,1,0,1,0,1,1
GEN-0491,1,0,0,0,0,1,0,0,0,1,1,0,0,1,0,1,1,0,1,1,1,0,1,1
GEN-0492,0,0,0,0,0,1,0,0,0,1,1,0,0,1,0,1,1,0,1,1,1,0,1,1
GEN-0493,0,0,0,0,0,1,0,0,0,1,1,0,0,1,0,1,1,0,1,1,1,0,1,1
GEN-0494,0,0,0,0,0,1,0,0,0,1,1,0,0,1,0,1,1,0,1,1,1,0,1,1
GEN-0495,0,0,0,0,0,1,0,0,0,1,1,0,0,1,0,1,1,0,1,1,1,0,1,1
GEN-0496,0,0,0,0,0,1,0,0,0,1,1,0,0,1,0,1,1,0,1,1,1,0,1,1
GEN-0497,0,0,0,0,0,1,0,0,0,1,1,0,0,1,0,1,1,0,1,1,1,0,1,1
GEN-0498,0,0,0,0,0,1,0,0,0,1,1,0,0,1,0,1,1,0,1,1,1,0,1,1
GEN-0499,0,0,0,0,0,1,0,0,0,1,1,0,0,1,0,1,1,0,1,1,1,0,1,1
GEN-0500,0,0,0,0,0,1,0,0,0,1,1,0,0,1,0,1,0,0,1,1,1,0,1,1
GEN-0501,0,0,0,0,0,1,0,0,0,1,1,0,0,1,0,1,1,1,1,1,1,0,1,1
GEN-0502,0,0,0,0,0,1,0,0,0,1,1,0,0,1,0,1,1,0,1,1,1,0,1,1
GEN-0503,0,0,0,0,0,1,0,0,0,1,1,0,0,1,0,1,1,0,1,1,1,0,1,0
GEN-0504,0,0,0,0,0,1,0,0,0,1,1,0,0,1,0,1,1,0,1,1,1,0,1,1
GEN-0505,0,0,0,0,0,1,0,0,0,1,1,0,0,1,0,1,1,0,1,1,1,0,1,1
GEN-0506,0,0,0,0,0,1,0,0,0,1,1,0,0,1,0,1,1,0,1,1,1,0,1,1
GEN-0507,0,0,0,0,0,1,0,0,0,1,1,0,0,1,0,1,1,0,1,0,1,0,1,1
GEN-0508,0,0,0,0,0,1,0,0,0,1,1,0,0,1,0,1,1,0,1,1,1,0,1,1
GEN-0509,0,0,0,0,0,1,0,1,0,1,1,0,0,1,0,1,1,0,1,1,1,0,1,1
GEN-0510,0,0,0,0,0,1,0,0,0,1,1,0,0,1,0,1,1,0,1,1,1,0,1,1
GEN-0511,0,0,0,0,0,1,0,0,0,1,1,0,0,1,0,1,1,0,1,1,1,0,1,1
GEN-0512,0,0,0,0,0,1,0,0,0,1,1,1,0,1,0,1,1,0,1,1,1,0,1,1
GEN-0513,0,0,0,1,0,1,0,0,0,1,1,0,0,1,0,1,1,0,1,1,1,0,1,1
GEN-0514,0,0,0,0,0,1,0,0,0,1,1,0,0,1,0,1,1,0,1,1,1,0,1,1
GEN-0515,0,0,0,0,0,1,0,0,0,1,1,0,0,1,0,1,1,0,1,1,1,0,1,1
GEN-0516,0,0,0,0,0,1,0,0,0,1,1,0,0,1,0,1,1,0,1,1,1,0,1,1
GEN-0517,0,0,0,0,0,1,0,0,1,1,1,0,0,1,0,1,1,0,1,1,1,0,1,1
GEN-0518,0,1,0,0,0,1,0,0,0,1,1,0,0,1,0,1,1,0,1,1,1,0,1,1
GEN-0519,0,0,0,0,0,1,0,0,0,1,1,0,0,1,0,1,1,0,0,1,1,0,1,1
GEN-0520,0,0,0,0,0,1,1,0,0,1,1,0,0,1,0,1,1,0,1,1,1,0,1,1
GEN-0521,0,0,0,0,0,1,0,0,0,1,1,0,0,1,0,1,1,0,1,1,1,0,1,1
GEN-0522,0,0,0,0,0,1,0,0,0,1,1,0,0,1,0,1,1,0,1,1,1,0,1,1
GEN-0523,0,0,0,0,1,1,0,0,0,0,1,0,0,1,0,1,1,0,1,1,1,0,1,1
GEN-0524,0,0,0,0,0,1,0,0,0,1,1,0,0,1,0,1,1,0,1,1,1,0,1,1
GEN-0525,0,0,0,0,0,1,0,0,0,1,1,0,0,1,0,1,1,0,1,1,1,0,1,1
GEN-0526,0,0,0,0,0,0,0,0,0,1,1,0,0,1,0,0,1,0,1,1,1,0,1,0
GEN-0527,0,0,0,0,0,1,0,0,0,1,0,0,0,1,0,1,1,0,1,1,1,0,1,1
GEN-0528,0,0,0,0,0,1,0,0,0,1,1,0,0,1,0,1,1,0,1,1,1,0,1,1
GEN-0529,1,0,0,0,0,1,0,0,0,1,1,0,0,1,0,1,1,0,0,1,1,0,1,1
GEN-0530,0,0,0,0,0,1,0,0,0,1,1,0,0,1,0,1,1,0,1,1,1,0,1,1
GEN-0531,0,0,0,0,0,1,0,0,0,1,1,0,0,1,0,1,1,0,1,1,1,0,1,1
GEN-0532,0,0,0,0,0,1,0,0,0,1,1,0,0,1,0,1,1,0,0,1,1,0,1,1
GEN-0533,0,0,0,0,0,1,0,0,0,1,1,0,0,1,0,1,1,0,1,1,1,0,1,1
GEN-0534,0,0,0,0,0,1,0,0,0,1,1,0,0,1,1,1,1,0,1,1,1,0,1,1
GEN-0535,0,0,0,0,0,1,0,0,0,1,1,0,0,1,0,1,1,0,1,1,1,0,1,1
GEN-0536,0,0,0,0,0,1,0,0,0,1,1,0,0,1,0,1,1,1,1,1,1,0,0,1
GEN-0537,0,0,0,0,0,1,0,1,0,1,1,0,0,1,0,0,0,0,1,1,1,0,1,1
GEN-0538,0,0,0,0,0,0,0,0,0,1,1,0,0,0,0,1,1,0,1,1,1,0,1,1
GEN-0539,0,0,0,0,0,0,0,0,0,1,1,0,0,1,0,1,1,0,1,1,1,0,1,1
GEN-0540,1,0,0,0,0,1,0,0,0,1,1,0,0,1,0,1,1,1,1,1,1,0,1,1
GEN-0541,0,0,0,0,0,1,0,0,0,1,1,0,0,1,0,1,1,0,1,1,1,0,1,1
GEN-0542,0,0,0,0,0,1,0,0,0,0,1,0,0,1,0,1,1,0,1,1,1,0,1,1
GEN-0543,0,0,0,0,0,1,0,0,0,1,1,0,0,1,0,1,1,0,1,1,1,0,1,1
GEN-0544,0,0,0,0,0,1,0,0,0,1,1,0,0,1,0,1,1,0,0,1,1,0,1,1
GEN-0545,0,0,0,0,0,1,0,0,0,1,1,0,0,1,0,1,1,0,1,1,1,0,1,0
GEN-0546,0,0,0,0,0,1,0,0,0,1,1,0,0,1,0,1,1,0,1,1,1,0,1,1
GEN-0547,0,0,0,1,0,1,0,0,0,1,1,0,0,1,0,1,1,0,1,1,1,0,1,1
GEN-0548,0,0,0,0,0,1,0,0,0,1,1,0,1,1,0,1,1,0,1,1,1,0,1,1
GEN-0549,0,0,0,0,0,0,0,0,0,1,0,0,0,1,0,1,1,0,0,1,1,1,1,1
GEN-0550,0,0,0,0,0,0,0,0,0,0,0,0,0,1,1,1,1,0,0,1,1,1,1,1
GEN-0551,0,0,0,0,0,0,0,0,0,0,0,0,0,1,1,1,1,0,0,1,1,1,1,1
GEN-0552,0,0,0,0,0,0,0,0,0,0,0,0,0,1,1,1,1,0,0,1,1,1,1,1
GEN-0553,0,0,0,0,0,0,0,1,0,0,0,0,0,1,1,1,1,0,0,1,1,1,1,1
GEN-0554,0,0,0,0,0,0,0,0,0,0,0,0,0,1,1,1,1,1,0,1,1,1,1,1
GEN-0555,0,0,0,0,1,0,0,0,0,0,0,0,0,1,1,1,1,0,0,1,1,1,1,1
GEN-0556,0,0,0,0,0,0,0,0,0,0,0,0,0,1,0,1,1,0,0,1,1,1,1,1
GEN-0557,0,0,0,0,0,0,0,0,0,0,0,0,0,1,1,1,1,0,0,1,1,1,1,1
GEN-0558,0,0,1,1,0,0,0,0,0,0,0,0,0,1,1,1,1,0,0,1,1,1,1,1
GEN-0559,1,0,0,1,0,0,0,0,0,0,0,0,0,1,1,1,1,0,0,1,1,1,1,1
GEN-0560,0,0,0,0,0,0,0,0,0,0,0,0,0,1,1,1,1,0,0,1,1,1,1,1
GEN-0561,0,0,0,0,0,0,0,0,0,0,0,0,0,1,1,1,1,0,0,1,1,1,1,1
GEN-0562,0,0,0,0,0,0,0,0,0,0,0,0,0,1,1,1,1,0,0,1,1,1,1,1
GEN-0563,0,0,0,0,0,0,0,0,0,0,0,0,0,1,1,1,1,0,0,1,1,1,1,1
GEN-0564,0,0,0,0,0,0,0,0,0,0,0,0,0,1,1,1,1,0,0,1,1,1,1,1
GEN-0565,0,0,0,0,0,0,0,0,0,0,0,0,0,1,1,1,1,0,0,1,1,1,1,1
GEN-0566,0,0,0,0,0,0,0,1,0,0,0,0,1,1,0,0,0,0,0,1,1,1,1,1
GEN-0567,1,0,0,0,0,0,0,1,0,0,0,0,1,1,0,0,0,0,0,1,1,1,1,1
GEN-0568,1,0,0,0,0,0,1,1,0,0,0,0,1,1,0,0,0,0,0,1,1,1,1,1
GEN-0569,1,0,0,0,0,0,0,1,0,0,0,0,1,1,0,0,0,0,0,1,1,1,0,1
GEN-0570,1,0,0,0,0,0,0,1,0,0,0,0,1,1,0,0,0,0,0,1,1,1,1,1
GEN-0571,1,0,0,0,0,1,0,1,0,0,1,0,1,1,0,0,0,0,0,1,1,1,1,1
GEN-0572,1,0,0,0,0,0,0,1,0,0,0,0,1,1,0,0,0,0,0,1,1,1,1,1
GEN-0573,1,0,0,0,0,0,0,1,0,0,0,0,1,1,0,0,0,0,0,1,1,1,1,1
GEN-0574,1,0,0,0,0,0,0,1,0,0,0,0,1,1,0,0,0,0,0,1,1,1,0,1
GEN-0575,1,0,0,0,0,0,0,1,0,0,0,0,1,1,0,0,0,0,0,1,1,1,1,1
GEN-0576,1,0,0,0,0,0,0,1,0,0,0,0,1,1,0,0,0,0,0,1,1,1,1,0
GEN-0577,1,0,0,0,0,0,0,1,0,0,0,0,1,1,0,0,0,0,0,1,1,1,1,1
GEN-0578,1,0,0,0,0,0,0,1,0,0,0,0,1,1,0,0,0,0,0,1,1,1,1,1
GEN-0579,1,0,0,0,0,0,0,1,0,0,0,0,1,1,0,0,0,0,0,1,1,1,1,1
GEN-0580,1,0,0,0,0,0,0,0,0,0,0,0,1,1,0,0,0,0,0,1,1,1,1,0
GEN-0581,1,0,0,0,0,0,0,1,0,0,0,0,1,1,0,1,0,0,0,1,1,0,1,1
GEN-0582,1,0,0,0,0,0,0,1,0,0,0,0,1,1,0,0,0,0,0,1,1,1,1,1
GEN-0583,1,0,0,0,0,0,0,1,0,0,0,0,1,1,0,0,0,0,0,1,1,1,1,1
GEN-0584,1,1,0,0,0,0,0,1,0,0,0,0,1,1,0,0,0,0,0,1,1,1,1,1
GEN-0585,1,0,0,0,0,0,0,1,1,0,0,0,1,1,0,0,0,0,0,1,1,1,1,1
GEN-0586,1,0,0,0,0,0,0,1,0,0,0,0,1,1,0,0,0,0,0,1,1,1,1,1
GEN-0587,1,0,0,0,0,0,0,1,0,0,0,0,1,1,0,0,0,0,0,1,1,1,1,1
GEN-0588,1,0,0,0,0,0,0,1,0,0,0,0,0,1,0,0,0,0,0,1,1,1,1,1
GEN-0589,0,0,0,1,0,0,0,0,0,0,1,1,0,1,1,1,1,1,0,1,1,0,1,1
GEN-0590,0,0,0,0,0,0,0,0,0,0,1,1,0,1,1,1,1,0,0,1,1,0,1,1
GEN-0591,0,0,0,1,0,0,0,0,0,0,1,1,0,1,1,1,1,0,0,1,1,0,1,1
GEN-0592,0,0,0,1,0,1,0,0,0,0,1,1,0,1,1,1,1,0,0,1,1,0,1,1
GEN-0593,0,1,0,1,0,0,0,0,0,0,1,1,0,1,1,1,1,0,0,1,1,0,1,1
GEN-0594,0,0,0,0,0,0,0,0,0,0,1,0,0,1,1,1,1,0,0,1,1,0,1,1
GEN-0595,0,1,0,0,0,0,0,0,0,0,0,0,0,1,0,0,0,1,1,1,1,1,1,1
GEN-0596,0,1,0,0,0,0,0,0,0,0,0,0,0,1,0,0,0,1,1,1,1,1,1,0
GEN-0597,0,1,0,0,0,0,0,0,0,0,0,0,0,1,0,0,0,1,1,1,1,1,1,1
GEN-0598,0,1,0,0,0,0,0,0,0,0,0,0,0,1,0,0,0,1,1,0,1,1,1,1
GEN-0599,0,1,0,0,0,0,0,0,0,0,0,0,0,1,0,1,0,0,1,1,1,1,1,1
GEN-0600,0,1,0,0,0,0,0,0,0,0,0,0,1,1,0,0,0,1,1,1,1,1,1,1
